{"cameraMode":{"drawMode":0,"name":"Shaded","section":"Shading Mode"},"sceneLighting":true,"audioPlay":false,"sceneViewState":{"showFog":false,"showMaterialUpdate":false,"showSkybox":false,"showFlares":false,"showImageEffects":false,"showParticleSystems":false},"in2DMode":false,"pivot":{"x":-115.0150146484375,"y":39.03889083862305,"z":329.1690979003906},"rotation":{"x":-0.05782483145594597,"y":-0.671457052230835,"z":0.052695706486701968,"w":-0.7369982600212097},"size":9.482124328613282,"orthographic":false}