{"cameraMode":{"drawMode":0,"name":"Shaded","section":"Shading Mode"},"sceneLighting":true,"audioPlay":false,"sceneViewState":{"showFog":false,"showMaterialUpdate":false,"showSkybox":false,"showFlares":false,"showImageEffects":false,"showParticleSystems":false},"in2DMode":false,"pivot":{"x":-82.81144714355469,"y":62.13372802734375,"z":118.6195068359375},"rotation":{"x":0.36228564381599429,"y":0.22589628398418427,"z":-0.09096270054578781,"w":0.8996988534927368},"size":123.16172790527344,"orthographic":false}