{"cameraMode":{"drawMode":0,"name":"Shaded","section":"Shading Mode"},"sceneLighting":false,"audioPlay":false,"sceneViewState":{"showFog":false,"showMaterialUpdate":false,"showSkybox":false,"showFlares":false,"showImageEffects":false,"showParticleSystems":false},"in2DMode":false,"pivot":{"x":72.95855712890625,"y":2.6948325634002687,"z":32.9600944519043},"rotation":{"x":-0.05640394985675812,"y":-0.7418859004974365,"z":0.06460827589035034,"w":-0.6659895181655884},"size":8.442476272583008,"orthographic":false}