{"cameraMode":{"drawMode":0,"name":"Shaded","section":"Shading Mode"},"sceneLighting":true,"audioPlay":false,"sceneViewState":{"showFog":false,"showMaterialUpdate":false,"showSkybox":false,"showFlares":false,"showImageEffects":false,"showParticleSystems":false},"in2DMode":false,"pivot":{"x":-110.93505096435547,"y":13.701464653015137,"z":122.85093688964844},"rotation":{"x":-0.14053063094615937,"y":0.0658879205584526,"z":-0.00936494767665863,"w":-0.987854540348053},"size":10.456927299499512,"orthographic":false}