{"cameraMode":{"drawMode":0,"name":"Shaded","section":"Shading Mode"},"sceneLighting":true,"audioPlay":false,"sceneViewState":{"showFog":false,"showMaterialUpdate":false,"showSkybox":false,"showFlares":false,"showImageEffects":false,"showParticleSystems":false},"in2DMode":false,"pivot":{"x":-240.46693420410157,"y":15.063419342041016,"z":302.6641540527344},"rotation":{"x":0.14496386051177979,"y":0.06672833859920502,"z":-0.009797856211662293,"w":0.9871429800987244},"size":36.94524383544922,"orthographic":false}