{"cameraMode":{"drawMode":0,"name":"Shaded","section":"Shading Mode"},"sceneLighting":true,"audioPlay":false,"sceneViewState":{"showFog":false,"showMaterialUpdate":false,"showSkybox":false,"showFlares":false,"showImageEffects":false,"showParticleSystems":false},"in2DMode":false,"pivot":{"x":-122.32677459716797,"y":-7.381097793579102,"z":162.88735961914063},"rotation":{"x":0.2947986125946045,"y":-0.3945290148258209,"z":0.13529163599014283,"w":0.8598265647888184},"size":24.23647689819336,"orthographic":false}