{"cameraMode":{"drawMode":0,"name":"Shaded","section":"Shading Mode"},"sceneLighting":false,"audioPlay":false,"sceneViewState":{"showFog":false,"showMaterialUpdate":false,"showSkybox":false,"showFlares":false,"showImageEffects":false,"showParticleSystems":false},"in2DMode":false,"pivot":{"x":5.453179359436035,"y":-3.4643917083740236,"z":-1.8438353538513184},"rotation":{"x":0.21662992238998414,"y":0.4729420840740204,"z":-0.12115976214408875,"w":0.8455194234848023},"size":15.885525703430176,"orthographic":false}