{"cameraMode":{"drawMode":0,"name":"Shaded","section":"Shading Mode"},"sceneLighting":true,"audioPlay":false,"sceneViewState":{"showFog":false,"showMaterialUpdate":false,"showSkybox":false,"showFlares":false,"showImageEffects":false,"showParticleSystems":false},"in2DMode":false,"pivot":{"x":-1708.267822265625,"y":1374.453125,"z":1754.9248046875},"rotation":{"x":-0.07739046216011048,"y":0.4835403561592102,"z":-0.04337425157427788,"w":-0.871131956577301},"size":29.081748962402345,"orthographic":false}