{"cameraMode":{"drawMode":0,"name":"Shaded","section":"Shading Mode"},"sceneLighting":false,"audioPlay":false,"sceneViewState":{"showFog":false,"showMaterialUpdate":false,"showSkybox":false,"showFlares":false,"showImageEffects":false,"showParticleSystems":false},"in2DMode":false,"pivot":{"x":789.788818359375,"y":-27.24407958984375,"z":-54.7734375},"rotation":{"x":-0.07259432226419449,"y":0.8671605587005615,"z":-0.13266459107398988,"w":-0.474519819021225},"size":2.1452343463897707,"orthographic":false}