{"cameraMode":{"drawMode":0,"name":"Shaded","section":"Shading Mode"},"sceneLighting":false,"audioPlay":false,"sceneViewState":{"showFog":false,"showMaterialUpdate":false,"showSkybox":false,"showFlares":false,"showImageEffects":false,"showParticleSystems":false},"in2DMode":false,"pivot":{"x":8.9780855178833,"y":5.315279960632324,"z":4.45637321472168},"rotation":{"x":-0.12468401342630387,"y":0.7439343929290772,"z":-0.14485599100589753,"w":-0.6403378248214722},"size":0.28121715784072878,"orthographic":false}