{"cameraMode":{"drawMode":0,"name":"Shaded","section":"Shading Mode"},"sceneLighting":true,"audioPlay":false,"sceneViewState":{"showFog":false,"showMaterialUpdate":false,"showSkybox":false,"showFlares":false,"showImageEffects":false,"showParticleSystems":false},"in2DMode":false,"pivot":{"x":217.32025146484376,"y":182.21759033203126,"z":488.00238037109377},"rotation":{"x":0.6061398983001709,"y":-0.33073189854621889,"z":0.3054862916469574,"w":0.65611732006073},"size":479.3340148925781,"orthographic":false}