{"cameraMode":{"drawMode":0,"name":"Shaded","section":"Shading Mode"},"sceneLighting":true,"audioPlay":false,"sceneViewState":{"showFog":false,"showMaterialUpdate":false,"showSkybox":false,"showFlares":false,"showImageEffects":false,"showParticleSystems":false},"in2DMode":false,"pivot":{"x":-65.94168853759766,"y":-6.383426666259766,"z":377.4708251953125},"rotation":{"x":0.3689275085926056,"y":-0.4812256097793579,"z":0.23357383906841279,"w":0.7602810263633728},"size":83.3215560913086,"orthographic":false}