{"cameraMode":{"drawMode":0,"name":"Shaded","section":"Shading Mode"},"sceneLighting":true,"audioPlay":false,"sceneViewState":{"showFog":false,"showMaterialUpdate":false,"showSkybox":false,"showFlares":false,"showImageEffects":false,"showParticleSystems":false},"in2DMode":false,"pivot":{"x":-97.77525329589844,"y":14.231125831604004,"z":377.3528747558594},"rotation":{"x":0.027747001498937608,"y":0.40458211302757265,"z":-0.01219046302139759,"w":0.9141161441802979},"size":11.704205513000489,"orthographic":false}