{"cameraMode":{"drawMode":0,"name":"Shaded","section":"Shading Mode"},"sceneLighting":true,"audioPlay":false,"sceneViewState":{"showFog":false,"showMaterialUpdate":false,"showSkybox":false,"showFlares":false,"showImageEffects":false,"showParticleSystems":false},"in2DMode":false,"pivot":{"x":-84.45912170410156,"y":12.257025718688965,"z":388.0396728515625},"rotation":{"x":0.08992183953523636,"y":0.35346561670303347,"z":-0.03409545496106148,"w":0.930594265460968},"size":21.589767456054689,"orthographic":false}