{"cameraMode":{"drawMode":0,"name":"Shaded","section":"Shading Mode"},"sceneLighting":true,"audioPlay":false,"sceneViewState":{"showFog":false,"showMaterialUpdate":false,"showSkybox":false,"showFlares":false,"showImageEffects":false,"showParticleSystems":false},"in2DMode":false,"pivot":{"x":-108.54265594482422,"y":6.972805023193359,"z":178.0309295654297},"rotation":{"x":-0.014111327938735485,"y":-0.9794961214065552,"z":0.18767684698104859,"w":-0.07394204288721085},"size":38.44095993041992,"orthographic":false}