{"cameraMode":{"drawMode":0,"name":"Shaded","section":"Shading Mode"},"sceneLighting":true,"audioPlay":false,"sceneViewState":{"showFog":false,"showMaterialUpdate":false,"showSkybox":false,"showFlares":false,"showImageEffects":false,"showParticleSystems":false},"in2DMode":false,"pivot":{"x":-159.60128784179688,"y":0.9312725067138672,"z":355.0506286621094},"rotation":{"x":0.1671762764453888,"y":0.8161683678627014,"z":-0.2894648015499115,"w":0.4714508056640625},"size":36.399940490722659,"orthographic":false}