{"cameraMode":{"drawMode":0,"name":"Shaded","section":"Shading Mode"},"sceneLighting":true,"audioPlay":false,"sceneViewState":{"showFog":false,"showMaterialUpdate":false,"showSkybox":false,"showFlares":false,"showImageEffects":false,"showParticleSystems":false},"in2DMode":false,"pivot":{"x":374.4082946777344,"y":-142.51507568359376,"z":627.2864990234375},"rotation":{"x":-0.07308352738618851,"y":0.4757242202758789,"z":-0.04193809628486633,"w":-0.8759748339653015},"size":40.58599090576172,"orthographic":false}