{"cameraMode":{"drawMode":0,"name":"Shaded","section":"Shading Mode"},"sceneLighting":true,"audioPlay":false,"sceneViewState":{"showFog":false,"showMaterialUpdate":false,"showSkybox":false,"showFlares":false,"showImageEffects":false,"showParticleSystems":false},"in2DMode":false,"pivot":{"x":-1624.585693359375,"y":1351.1812744140625,"z":1612.3157958984375},"rotation":{"x":-0.023978037759661676,"y":0.975760817527771,"z":-0.1673116832971573,"w":-0.14026802778244019},"size":268.8773193359375,"orthographic":false}