{"cameraMode":{"drawMode":0,"name":"Shaded","section":"Shading Mode"},"sceneLighting":true,"audioPlay":false,"sceneViewState":{"showFog":false,"showMaterialUpdate":false,"showSkybox":false,"showFlares":false,"showImageEffects":false,"showParticleSystems":false},"in2DMode":false,"pivot":{"x":-121.44000244140625,"y":14.180000305175782,"z":107.67999267578125},"rotation":{"x":-0.2302790731191635,"y":0.5954307913780212,"z":-0.18340210616588593,"w":-0.747556209564209},"size":21.856508255004884,"orthographic":false}