{"cameraMode":{"drawMode":0,"name":"Shaded","section":"Shading Mode"},"sceneLighting":false,"audioPlay":false,"sceneViewState":{"showFog":false,"showMaterialUpdate":false,"showSkybox":false,"showFlares":false,"showImageEffects":false,"showParticleSystems":false},"in2DMode":false,"pivot":{"x":72.27350616455078,"y":-58.390411376953128,"z":90.10726928710938},"rotation":{"x":0.07517484575510025,"y":0.924756646156311,"z":-0.2577365040779114,"w":0.26972782611846926},"size":307.68804931640627,"orthographic":false}