{"cameraMode":{"drawMode":0,"name":"Shaded","section":"Shading Mode"},"sceneLighting":false,"audioPlay":false,"sceneViewState":{"showFog":false,"showMaterialUpdate":false,"showSkybox":false,"showFlares":false,"showImageEffects":false,"showParticleSystems":false},"in2DMode":false,"pivot":{"x":259.8546142578125,"y":-147.37173461914063,"z":360.8668212890625},"rotation":{"x":0.10726996511220932,"y":0.81247878074646,"z":-0.1582522839307785,"w":0.5513052940368652},"size":93.56376647949219,"orthographic":false}