{"cameraMode":{"drawMode":0,"name":"Shaded","section":"Shading Mode"},"sceneLighting":false,"audioPlay":false,"sceneViewState":{"showFog":false,"showMaterialUpdate":false,"showSkybox":false,"showFlares":false,"showImageEffects":false,"showParticleSystems":false},"in2DMode":false,"pivot":{"x":7.748980522155762,"y":5.917785167694092,"z":3.299009084701538},"rotation":{"x":-0.08185848593711853,"y":0.7969729900360107,"z":-0.11093740165233612,"w":-0.5880705714225769},"size":5.079901695251465,"orthographic":false}