{"cameraMode":{"drawMode":0,"name":"Shaded","section":"Shading Mode"},"sceneLighting":true,"audioPlay":false,"sceneViewState":{"showFog":false,"showMaterialUpdate":false,"showSkybox":false,"showFlares":false,"showImageEffects":false,"showParticleSystems":false},"in2DMode":false,"pivot":{"x":-119.15225219726563,"y":10.93588638305664,"z":122.72037506103516},"rotation":{"x":-0.19348977506160737,"y":0.6714195013046265,"z":-0.1882055699825287,"w":-0.6902016401290894},"size":71.4017562866211,"orthographic":false}