{"cameraMode":{"drawMode":0,"name":"Shaded","section":"Shading Mode"},"sceneLighting":true,"audioPlay":false,"sceneViewState":{"showFog":false,"showMaterialUpdate":false,"showSkybox":false,"showFlares":false,"showImageEffects":false,"showParticleSystems":false},"in2DMode":false,"pivot":{"x":-32.08823776245117,"y":52.485443115234378,"z":334.9237060546875},"rotation":{"x":-0.1819608211517334,"y":0.44608041644096377,"z":-0.0930539220571518,"w":-0.8714346289634705},"size":10.600228309631348,"orthographic":false}