{"cameraMode":{"drawMode":0,"name":"Shaded","section":"Shading Mode"},"sceneLighting":true,"audioPlay":false,"sceneViewState":{"showFog":false,"showMaterialUpdate":false,"showSkybox":false,"showFlares":false,"showImageEffects":false,"showParticleSystems":false},"in2DMode":false,"pivot":{"x":-350.0146179199219,"y":37.185577392578128,"z":11.842544555664063},"rotation":{"x":0.150887131690979,"y":0.8495633602142334,"z":-0.3280632197856903,"w":0.3854227364063263},"size":368.7584533691406,"orthographic":false}