{"cameraMode":{"drawMode":0,"name":"Shaded","section":"Shading Mode"},"sceneLighting":true,"audioPlay":false,"sceneViewState":{"showFog":false,"showMaterialUpdate":false,"showSkybox":false,"showFlares":false,"showImageEffects":false,"showParticleSystems":false},"in2DMode":false,"pivot":{"x":-96.70878601074219,"y":-62.14671325683594,"z":162.0709686279297},"rotation":{"x":0.2281738668680191,"y":0.7713282108306885,"z":-0.4034729599952698,"w":0.4368203580379486},"size":343.3448791503906,"orthographic":false}