{"cameraMode":{"drawMode":0,"name":"Shaded","section":"Shading Mode"},"sceneLighting":false,"audioPlay":false,"sceneViewState":{"showFog":true,"showMaterialUpdate":false,"showSkybox":false,"showFlares":true,"showImageEffects":true,"showParticleSystems":true},"in2DMode":false,"pivot":{"x":-73.69999694824219,"y":12.700000762939454,"z":-25.700000762939454},"rotation":{"x":-0.05560266599059105,"y":0.8344263434410095,"z":-0.08566910773515701,"w":-0.5415750741958618},"size":30.1715030670166,"orthographic":false}