{"cameraMode":{"drawMode":0,"name":"Shaded","section":"Shading Mode"},"sceneLighting":true,"audioPlay":false,"sceneViewState":{"showFog":true,"showMaterialUpdate":false,"showSkybox":true,"showFlares":true,"showImageEffects":true,"showParticleSystems":true},"in2DMode":false,"pivot":{"x":16.20404052734375,"y":13.065665245056153,"z":-1.3208694458007813},"rotation":{"x":-0.0971502810716629,"y":0.5538553595542908,"z":-0.0652722492814064,"w":-0.8243474364280701},"size":11.939059257507325,"orthographic":false}